	tissue_1	tissue_2	p-val	drug
0	bladder	bladder	1.0	M3541
1	bladder	brain	1.0	M3541
2	bladder	breast	1.0	M3541
3	bladder	colon	1.0	M3541
4	bladder	hematological	1.0	M3541
5	bladder	liver	1.0	M3541
6	bladder	lung	1.0	M3541
7	bladder	melanoma	0.26389369113126143	M3541
8	bladder	ovary	1.0	M3541
9	bladder	pancreas	0.09058164921388498	M3541
10	bladder	prostate	1.0	M3541
11	bladder	sarcoma	1.0	M3541
12	brain	bladder	1.0	M3541
13	brain	brain	1.0	M3541
14	brain	breast	1.0	M3541
15	brain	colon	1.0	M3541
16	brain	hematological	1.0	M3541
17	brain	liver	0.9225599001736757	M3541
18	brain	lung	1.0	M3541
19	brain	melanoma	1.0	M3541
20	brain	ovary	1.0	M3541
21	brain	pancreas	1.0	M3541
22	brain	prostate	1.0	M3541
23	brain	sarcoma	1.0	M3541
24	breast	bladder	1.0	M3541
25	breast	brain	1.0	M3541
26	breast	breast	1.0	M3541
27	breast	colon	1.0	M3541
28	breast	hematological	1.0	M3541
29	breast	liver	1.0	M3541
30	breast	lung	1.0	M3541
31	breast	melanoma	0.020225063028816676	M3541
32	breast	ovary	1.0	M3541
33	breast	pancreas	0.00231539028803648	M3541
34	breast	prostate	1.0	M3541
35	breast	sarcoma	1.0	M3541
36	colon	bladder	1.0	M3541
37	colon	brain	1.0	M3541
38	colon	breast	1.0	M3541
39	colon	colon	1.0	M3541
40	colon	hematological	1.0	M3541
41	colon	liver	1.0	M3541
42	colon	lung	1.0	M3541
43	colon	melanoma	0.8504211922374413	M3541
44	colon	ovary	1.0	M3541
45	colon	pancreas	0.2536798259951643	M3541
46	colon	prostate	1.0	M3541
47	colon	sarcoma	1.0	M3541
48	hematological	bladder	1.0	M3541
49	hematological	brain	1.0	M3541
50	hematological	breast	1.0	M3541
51	hematological	colon	1.0	M3541
52	hematological	hematological	1.0	M3541
53	hematological	liver	1.0	M3541
54	hematological	lung	1.0	M3541
55	hematological	melanoma	0.0378785597756474	M3541
56	hematological	ovary	1.0	M3541
57	hematological	pancreas	0.0038046983068140954	M3541
58	hematological	prostate	1.0	M3541
59	hematological	sarcoma	1.0	M3541
60	liver	bladder	1.0	M3541
61	liver	brain	0.9225599001736757	M3541
62	liver	breast	1.0	M3541
63	liver	colon	1.0	M3541
64	liver	hematological	1.0	M3541
65	liver	liver	1.0	M3541
66	liver	lung	0.3584118382842404	M3541
67	liver	melanoma	0.008667296857185845	M3541
68	liver	ovary	1.0	M3541
69	liver	pancreas	0.0023337943163603456	M3541
70	liver	prostate	0.7221336047588477	M3541
71	liver	sarcoma	1.0	M3541
72	lung	bladder	1.0	M3541
73	lung	brain	1.0	M3541
74	lung	breast	1.0	M3541
75	lung	colon	1.0	M3541
76	lung	hematological	1.0	M3541
77	lung	liver	0.3584118382842404	M3541
78	lung	lung	1.0	M3541
79	lung	melanoma	1.0	M3541
80	lung	ovary	1.0	M3541
81	lung	pancreas	1.0	M3541
82	lung	prostate	1.0	M3541
83	lung	sarcoma	1.0	M3541
84	melanoma	bladder	0.26389369113126143	M3541
85	melanoma	brain	1.0	M3541
86	melanoma	breast	0.020225063028816676	M3541
87	melanoma	colon	0.8504211922374413	M3541
88	melanoma	hematological	0.0378785597756474	M3541
89	melanoma	liver	0.008667296857185845	M3541
90	melanoma	lung	1.0	M3541
91	melanoma	melanoma	1.0	M3541
92	melanoma	ovary	0.02870834445842124	M3541
93	melanoma	pancreas	1.0	M3541
94	melanoma	prostate	1.0	M3541
95	melanoma	sarcoma	0.03331725278637052	M3541
96	ovary	bladder	1.0	M3541
97	ovary	brain	1.0	M3541
98	ovary	breast	1.0	M3541
99	ovary	colon	1.0	M3541
100	ovary	hematological	1.0	M3541
101	ovary	liver	1.0	M3541
102	ovary	lung	1.0	M3541
103	ovary	melanoma	0.02870834445842124	M3541
104	ovary	ovary	1.0	M3541
105	ovary	pancreas	0.0045093007904848095	M3541
106	ovary	prostate	1.0	M3541
107	ovary	sarcoma	1.0	M3541
108	pancreas	bladder	0.09058164921388498	M3541
109	pancreas	brain	1.0	M3541
110	pancreas	breast	0.00231539028803648	M3541
111	pancreas	colon	0.2536798259951643	M3541
112	pancreas	hematological	0.0038046983068140954	M3541
113	pancreas	liver	0.0023337943163603456	M3541
114	pancreas	lung	1.0	M3541
115	pancreas	melanoma	1.0	M3541
116	pancreas	ovary	0.0045093007904848095	M3541
117	pancreas	pancreas	1.0	M3541
118	pancreas	prostate	1.0	M3541
119	pancreas	sarcoma	0.0027107473580430716	M3541
120	prostate	bladder	1.0	M3541
121	prostate	brain	1.0	M3541
122	prostate	breast	1.0	M3541
123	prostate	colon	1.0	M3541
124	prostate	hematological	1.0	M3541
125	prostate	liver	0.7221336047588477	M3541
126	prostate	lung	1.0	M3541
127	prostate	melanoma	1.0	M3541
128	prostate	ovary	1.0	M3541
129	prostate	pancreas	1.0	M3541
130	prostate	prostate	1.0	M3541
131	prostate	sarcoma	1.0	M3541
132	sarcoma	bladder	1.0	M3541
133	sarcoma	brain	1.0	M3541
134	sarcoma	breast	1.0	M3541
135	sarcoma	colon	1.0	M3541
136	sarcoma	hematological	1.0	M3541
137	sarcoma	liver	1.0	M3541
138	sarcoma	lung	1.0	M3541
139	sarcoma	melanoma	0.03331725278637052	M3541
140	sarcoma	ovary	1.0	M3541
141	sarcoma	pancreas	0.0027107473580430716	M3541
142	sarcoma	prostate	1.0	M3541
143	sarcoma	sarcoma	1.0	M3541
0	bladder	bladder	1.0	M4076
1	bladder	brain	1.0	M4076
2	bladder	breast	1.0	M4076
3	bladder	colon	1.0	M4076
4	bladder	hematological	1.0	M4076
5	bladder	liver	1.0	M4076
6	bladder	lung	1.0	M4076
7	bladder	melanoma	1.0	M4076
8	bladder	ovary	1.0	M4076
9	bladder	pancreas	1.0	M4076
10	bladder	prostate	1.0	M4076
11	bladder	sarcoma	1.0	M4076
12	brain	bladder	1.0	M4076
13	brain	brain	1.0	M4076
14	brain	breast	1.0	M4076
15	brain	colon	1.0	M4076
16	brain	hematological	1.0	M4076
17	brain	liver	1.0	M4076
18	brain	lung	1.0	M4076
19	brain	melanoma	1.0	M4076
20	brain	ovary	1.0	M4076
21	brain	pancreas	1.0	M4076
22	brain	prostate	1.0	M4076
23	brain	sarcoma	1.0	M4076
24	breast	bladder	1.0	M4076
25	breast	brain	1.0	M4076
26	breast	breast	1.0	M4076
27	breast	colon	0.29832219038218416	M4076
28	breast	hematological	1.0	M4076
29	breast	liver	1.0	M4076
30	breast	lung	0.5721305068569857	M4076
31	breast	melanoma	0.1510029886011247	M4076
32	breast	ovary	1.0	M4076
33	breast	pancreas	1.0	M4076
34	breast	prostate	1.0	M4076
35	breast	sarcoma	1.0	M4076
36	colon	bladder	1.0	M4076
37	colon	brain	1.0	M4076
38	colon	breast	0.29832219038218416	M4076
39	colon	colon	1.0	M4076
40	colon	hematological	0.017316652625738376	M4076
41	colon	liver	1.0	M4076
42	colon	lung	1.0	M4076
43	colon	melanoma	1.0	M4076
44	colon	ovary	0.48604968864992804	M4076
45	colon	pancreas	1.0	M4076
46	colon	prostate	1.0	M4076
47	colon	sarcoma	0.7956334967478369	M4076
48	hematological	bladder	1.0	M4076
49	hematological	brain	1.0	M4076
50	hematological	breast	1.0	M4076
51	hematological	colon	0.017316652625738376	M4076
52	hematological	hematological	1.0	M4076
53	hematological	liver	1.0	M4076
54	hematological	lung	0.08392144850439945	M4076
55	hematological	melanoma	0.02835194815320982	M4076
56	hematological	ovary	1.0	M4076
57	hematological	pancreas	0.3778841919196919	M4076
58	hematological	prostate	1.0	M4076
59	hematological	sarcoma	1.0	M4076
60	liver	bladder	1.0	M4076
61	liver	brain	1.0	M4076
62	liver	breast	1.0	M4076
63	liver	colon	1.0	M4076
64	liver	hematological	1.0	M4076
65	liver	liver	1.0	M4076
66	liver	lung	1.0	M4076
67	liver	melanoma	1.0	M4076
68	liver	ovary	1.0	M4076
69	liver	pancreas	1.0	M4076
70	liver	prostate	1.0	M4076
71	liver	sarcoma	1.0	M4076
72	lung	bladder	1.0	M4076
73	lung	brain	1.0	M4076
74	lung	breast	0.5721305068569857	M4076
75	lung	colon	1.0	M4076
76	lung	hematological	0.08392144850439945	M4076
77	lung	liver	1.0	M4076
78	lung	lung	1.0	M4076
79	lung	melanoma	1.0	M4076
80	lung	ovary	0.7490894734962478	M4076
81	lung	pancreas	1.0	M4076
82	lung	prostate	1.0	M4076
83	lung	sarcoma	1.0	M4076
84	melanoma	bladder	1.0	M4076
85	melanoma	brain	1.0	M4076
86	melanoma	breast	0.1510029886011247	M4076
87	melanoma	colon	1.0	M4076
88	melanoma	hematological	0.02835194815320982	M4076
89	melanoma	liver	1.0	M4076
90	melanoma	lung	1.0	M4076
91	melanoma	melanoma	1.0	M4076
92	melanoma	ovary	0.19505059594964036	M4076
93	melanoma	pancreas	1.0	M4076
94	melanoma	prostate	1.0	M4076
95	melanoma	sarcoma	0.416455434403979	M4076
96	ovary	bladder	1.0	M4076
97	ovary	brain	1.0	M4076
98	ovary	breast	1.0	M4076
99	ovary	colon	0.48604968864992804	M4076
100	ovary	hematological	1.0	M4076
101	ovary	liver	1.0	M4076
102	ovary	lung	0.7490894734962478	M4076
103	ovary	melanoma	0.19505059594964036	M4076
104	ovary	ovary	1.0	M4076
105	ovary	pancreas	1.0	M4076
106	ovary	prostate	1.0	M4076
107	ovary	sarcoma	1.0	M4076
108	pancreas	bladder	1.0	M4076
109	pancreas	brain	1.0	M4076
110	pancreas	breast	1.0	M4076
111	pancreas	colon	1.0	M4076
112	pancreas	hematological	0.3778841919196919	M4076
113	pancreas	liver	1.0	M4076
114	pancreas	lung	1.0	M4076
115	pancreas	melanoma	1.0	M4076
116	pancreas	ovary	1.0	M4076
117	pancreas	pancreas	1.0	M4076
118	pancreas	prostate	1.0	M4076
119	pancreas	sarcoma	1.0	M4076
120	prostate	bladder	1.0	M4076
121	prostate	brain	1.0	M4076
122	prostate	breast	1.0	M4076
123	prostate	colon	1.0	M4076
124	prostate	hematological	1.0	M4076
125	prostate	liver	1.0	M4076
126	prostate	lung	1.0	M4076
127	prostate	melanoma	1.0	M4076
128	prostate	ovary	1.0	M4076
129	prostate	pancreas	1.0	M4076
130	prostate	prostate	1.0	M4076
131	prostate	sarcoma	1.0	M4076
132	sarcoma	bladder	1.0	M4076
133	sarcoma	brain	1.0	M4076
134	sarcoma	breast	1.0	M4076
135	sarcoma	colon	0.7956334967478369	M4076
136	sarcoma	hematological	1.0	M4076
137	sarcoma	liver	1.0	M4076
138	sarcoma	lung	1.0	M4076
139	sarcoma	melanoma	0.416455434403979	M4076
140	sarcoma	ovary	1.0	M4076
141	sarcoma	pancreas	1.0	M4076
142	sarcoma	prostate	1.0	M4076
143	sarcoma	sarcoma	1.0	M4076
0	brain	brain	1.0	THZ1
1	brain	breast	1.0	THZ1
2	brain	colon	1.0	THZ1
3	brain	hematological	1.0	THZ1
4	brain	liver	1.0	THZ1
5	brain	lung	1.0	THZ1
6	brain	melanoma	1.0	THZ1
7	brain	ovary	1.0	THZ1
8	brain	pancreas	1.0	THZ1
9	brain	prostate	1.0	THZ1
10	brain	sarcoma	1.0	THZ1
11	breast	brain	1.0	THZ1
12	breast	breast	1.0	THZ1
13	breast	colon	1.0	THZ1
14	breast	hematological	1.0	THZ1
15	breast	liver	1.0	THZ1
16	breast	lung	1.0	THZ1
17	breast	melanoma	1.0	THZ1
18	breast	ovary	1.0	THZ1
19	breast	pancreas	1.0	THZ1
20	breast	prostate	1.0	THZ1
21	breast	sarcoma	1.0	THZ1
22	colon	brain	1.0	THZ1
23	colon	breast	1.0	THZ1
24	colon	colon	1.0	THZ1
25	colon	hematological	1.0	THZ1
26	colon	liver	1.0	THZ1
27	colon	lung	1.0	THZ1
28	colon	melanoma	1.0	THZ1
29	colon	ovary	1.0	THZ1
30	colon	pancreas	1.0	THZ1
31	colon	prostate	1.0	THZ1
32	colon	sarcoma	1.0	THZ1
33	hematological	brain	1.0	THZ1
34	hematological	breast	1.0	THZ1
35	hematological	colon	1.0	THZ1
36	hematological	hematological	1.0	THZ1
37	hematological	liver	1.0	THZ1
38	hematological	lung	0.321910228216849	THZ1
39	hematological	melanoma	0.6767207408594738	THZ1
40	hematological	ovary	1.0	THZ1
41	hematological	pancreas	1.0	THZ1
42	hematological	prostate	1.0	THZ1
43	hematological	sarcoma	1.0	THZ1
44	liver	brain	1.0	THZ1
45	liver	breast	1.0	THZ1
46	liver	colon	1.0	THZ1
47	liver	hematological	1.0	THZ1
48	liver	liver	1.0	THZ1
49	liver	lung	0.06290727420154384	THZ1
50	liver	melanoma	0.1035347641607908	THZ1
51	liver	ovary	1.0	THZ1
52	liver	pancreas	0.4821333229465851	THZ1
53	liver	prostate	1.0	THZ1
54	liver	sarcoma	1.0	THZ1
55	lung	brain	1.0	THZ1
56	lung	breast	1.0	THZ1
57	lung	colon	1.0	THZ1
58	lung	hematological	0.321910228216849	THZ1
59	lung	liver	0.06290727420154384	THZ1
60	lung	lung	1.0	THZ1
61	lung	melanoma	1.0	THZ1
62	lung	ovary	0.6058323621203422	THZ1
63	lung	pancreas	1.0	THZ1
64	lung	prostate	1.0	THZ1
65	lung	sarcoma	0.03536408177322821	THZ1
66	melanoma	brain	1.0	THZ1
67	melanoma	breast	1.0	THZ1
68	melanoma	colon	1.0	THZ1
69	melanoma	hematological	0.6767207408594738	THZ1
70	melanoma	liver	0.1035347641607908	THZ1
71	melanoma	lung	1.0	THZ1
72	melanoma	melanoma	1.0	THZ1
73	melanoma	ovary	0.6966447076496097	THZ1
74	melanoma	pancreas	1.0	THZ1
75	melanoma	prostate	1.0	THZ1
76	melanoma	sarcoma	0.16310982920676528	THZ1
77	ovary	brain	1.0	THZ1
78	ovary	breast	1.0	THZ1
79	ovary	colon	1.0	THZ1
80	ovary	hematological	1.0	THZ1
81	ovary	liver	1.0	THZ1
82	ovary	lung	0.6058323621203422	THZ1
83	ovary	melanoma	0.6966447076496097	THZ1
84	ovary	ovary	1.0	THZ1
85	ovary	pancreas	1.0	THZ1
86	ovary	prostate	1.0	THZ1
87	ovary	sarcoma	1.0	THZ1
88	pancreas	brain	1.0	THZ1
89	pancreas	breast	1.0	THZ1
90	pancreas	colon	1.0	THZ1
91	pancreas	hematological	1.0	THZ1
92	pancreas	liver	0.4821333229465851	THZ1
93	pancreas	lung	1.0	THZ1
94	pancreas	melanoma	1.0	THZ1
95	pancreas	ovary	1.0	THZ1
96	pancreas	pancreas	1.0	THZ1
97	pancreas	prostate	1.0	THZ1
98	pancreas	sarcoma	0.3979703972055497	THZ1
99	prostate	brain	1.0	THZ1
100	prostate	breast	1.0	THZ1
101	prostate	colon	1.0	THZ1
102	prostate	hematological	1.0	THZ1
103	prostate	liver	1.0	THZ1
104	prostate	lung	1.0	THZ1
105	prostate	melanoma	1.0	THZ1
106	prostate	ovary	1.0	THZ1
107	prostate	pancreas	1.0	THZ1
108	prostate	prostate	1.0	THZ1
109	prostate	sarcoma	1.0	THZ1
110	sarcoma	brain	1.0	THZ1
111	sarcoma	breast	1.0	THZ1
112	sarcoma	colon	1.0	THZ1
113	sarcoma	hematological	1.0	THZ1
114	sarcoma	liver	1.0	THZ1
115	sarcoma	lung	0.03536408177322821	THZ1
116	sarcoma	melanoma	0.16310982920676528	THZ1
117	sarcoma	ovary	1.0	THZ1
118	sarcoma	pancreas	0.3979703972055497	THZ1
119	sarcoma	prostate	1.0	THZ1
120	sarcoma	sarcoma	1.0	THZ1
0	bladder	bladder	1.0	doxorubicin
1	bladder	brain	1.0	doxorubicin
2	bladder	breast	1.0	doxorubicin
3	bladder	colon	1.0	doxorubicin
4	bladder	hematological	0.07038449480496592	doxorubicin
5	bladder	liver	1.0	doxorubicin
6	bladder	lung	1.0	doxorubicin
7	bladder	melanoma	1.0	doxorubicin
8	bladder	ovary	1.0	doxorubicin
9	bladder	pancreas	1.0	doxorubicin
10	bladder	prostate	1.0	doxorubicin
11	bladder	sarcoma	0.9207330476318107	doxorubicin
12	brain	bladder	1.0	doxorubicin
13	brain	brain	1.0	doxorubicin
14	brain	breast	1.0	doxorubicin
15	brain	colon	1.0	doxorubicin
16	brain	hematological	0.021317270335331973	doxorubicin
17	brain	liver	1.0	doxorubicin
18	brain	lung	1.0	doxorubicin
19	brain	melanoma	1.0	doxorubicin
20	brain	ovary	1.0	doxorubicin
21	brain	pancreas	1.0	doxorubicin
22	brain	prostate	1.0	doxorubicin
23	brain	sarcoma	0.3017002243046129	doxorubicin
24	breast	bladder	1.0	doxorubicin
25	breast	brain	1.0	doxorubicin
26	breast	breast	1.0	doxorubicin
27	breast	colon	1.0	doxorubicin
28	breast	hematological	0.1629817228310847	doxorubicin
29	breast	liver	1.0	doxorubicin
30	breast	lung	1.0	doxorubicin
31	breast	melanoma	1.0	doxorubicin
32	breast	ovary	1.0	doxorubicin
33	breast	pancreas	1.0	doxorubicin
34	breast	prostate	1.0	doxorubicin
35	breast	sarcoma	1.0	doxorubicin
36	colon	bladder	1.0	doxorubicin
37	colon	brain	1.0	doxorubicin
38	colon	breast	1.0	doxorubicin
39	colon	colon	1.0	doxorubicin
40	colon	hematological	1.9519677005651017e-06	doxorubicin
41	colon	liver	1.0	doxorubicin
42	colon	lung	1.0	doxorubicin
43	colon	melanoma	1.0	doxorubicin
44	colon	ovary	1.0	doxorubicin
45	colon	pancreas	1.0	doxorubicin
46	colon	prostate	1.0	doxorubicin
47	colon	sarcoma	0.0005524369025753056	doxorubicin
48	hematological	bladder	0.07038449480496592	doxorubicin
49	hematological	brain	0.021317270335331973	doxorubicin
50	hematological	breast	0.1629817228310847	doxorubicin
51	hematological	colon	1.9519677005651017e-06	doxorubicin
52	hematological	hematological	1.0	doxorubicin
53	hematological	liver	1.0	doxorubicin
54	hematological	lung	0.012974068389921945	doxorubicin
55	hematological	melanoma	0.08364026803780229	doxorubicin
56	hematological	ovary	0.008569379299602263	doxorubicin
57	hematological	pancreas	0.1148780491389455	doxorubicin
58	hematological	prostate	0.001855114992478057	doxorubicin
59	hematological	sarcoma	1.0	doxorubicin
60	liver	bladder	1.0	doxorubicin
61	liver	brain	1.0	doxorubicin
62	liver	breast	1.0	doxorubicin
63	liver	colon	1.0	doxorubicin
64	liver	hematological	1.0	doxorubicin
65	liver	liver	1.0	doxorubicin
66	liver	lung	1.0	doxorubicin
67	liver	melanoma	1.0	doxorubicin
68	liver	ovary	1.0	doxorubicin
69	liver	pancreas	1.0	doxorubicin
70	liver	prostate	1.0	doxorubicin
71	liver	sarcoma	1.0	doxorubicin
72	lung	bladder	1.0	doxorubicin
73	lung	brain	1.0	doxorubicin
74	lung	breast	1.0	doxorubicin
75	lung	colon	1.0	doxorubicin
76	lung	hematological	0.012974068389921945	doxorubicin
77	lung	liver	1.0	doxorubicin
78	lung	lung	1.0	doxorubicin
79	lung	melanoma	1.0	doxorubicin
80	lung	ovary	1.0	doxorubicin
81	lung	pancreas	1.0	doxorubicin
82	lung	prostate	1.0	doxorubicin
83	lung	sarcoma	0.3370035270646899	doxorubicin
84	melanoma	bladder	1.0	doxorubicin
85	melanoma	brain	1.0	doxorubicin
86	melanoma	breast	1.0	doxorubicin
87	melanoma	colon	1.0	doxorubicin
88	melanoma	hematological	0.08364026803780229	doxorubicin
89	melanoma	liver	1.0	doxorubicin
90	melanoma	lung	1.0	doxorubicin
91	melanoma	melanoma	1.0	doxorubicin
92	melanoma	ovary	1.0	doxorubicin
93	melanoma	pancreas	1.0	doxorubicin
94	melanoma	prostate	1.0	doxorubicin
95	melanoma	sarcoma	0.9062312238997803	doxorubicin
96	ovary	bladder	1.0	doxorubicin
97	ovary	brain	1.0	doxorubicin
98	ovary	breast	1.0	doxorubicin
99	ovary	colon	1.0	doxorubicin
100	ovary	hematological	0.008569379299602263	doxorubicin
101	ovary	liver	1.0	doxorubicin
102	ovary	lung	1.0	doxorubicin
103	ovary	melanoma	1.0	doxorubicin
104	ovary	ovary	1.0	doxorubicin
105	ovary	pancreas	1.0	doxorubicin
106	ovary	prostate	1.0	doxorubicin
107	ovary	sarcoma	0.2295498272979672	doxorubicin
108	pancreas	bladder	1.0	doxorubicin
109	pancreas	brain	1.0	doxorubicin
110	pancreas	breast	1.0	doxorubicin
111	pancreas	colon	1.0	doxorubicin
112	pancreas	hematological	0.1148780491389455	doxorubicin
113	pancreas	liver	1.0	doxorubicin
114	pancreas	lung	1.0	doxorubicin
115	pancreas	melanoma	1.0	doxorubicin
116	pancreas	ovary	1.0	doxorubicin
117	pancreas	pancreas	1.0	doxorubicin
118	pancreas	prostate	1.0	doxorubicin
119	pancreas	sarcoma	1.0	doxorubicin
120	prostate	bladder	1.0	doxorubicin
121	prostate	brain	1.0	doxorubicin
122	prostate	breast	1.0	doxorubicin
123	prostate	colon	1.0	doxorubicin
124	prostate	hematological	0.001855114992478057	doxorubicin
125	prostate	liver	1.0	doxorubicin
126	prostate	lung	1.0	doxorubicin
127	prostate	melanoma	1.0	doxorubicin
128	prostate	ovary	1.0	doxorubicin
129	prostate	pancreas	1.0	doxorubicin
130	prostate	prostate	1.0	doxorubicin
131	prostate	sarcoma	0.027571722660586908	doxorubicin
132	sarcoma	bladder	0.9207330476318107	doxorubicin
133	sarcoma	brain	0.3017002243046129	doxorubicin
134	sarcoma	breast	1.0	doxorubicin
135	sarcoma	colon	0.0005524369025753056	doxorubicin
136	sarcoma	hematological	1.0	doxorubicin
137	sarcoma	liver	1.0	doxorubicin
138	sarcoma	lung	0.3370035270646899	doxorubicin
139	sarcoma	melanoma	0.9062312238997803	doxorubicin
140	sarcoma	ovary	0.2295498272979672	doxorubicin
141	sarcoma	pancreas	1.0	doxorubicin
142	sarcoma	prostate	0.027571722660586908	doxorubicin
143	sarcoma	sarcoma	1.0	doxorubicin
0	bladder	bladder	1.0	gamma
1	bladder	brain	1.0	gamma
2	bladder	breast	1.0	gamma
3	bladder	colon	1.0	gamma
4	bladder	hematological	0.33881228864090274	gamma
5	bladder	liver	0.5275058366776884	gamma
6	bladder	lung	1.0	gamma
7	bladder	melanoma	0.16194608604096675	gamma
8	bladder	ovary	1.0	gamma
9	bladder	pancreas	1.0	gamma
10	bladder	prostate	0.8622789834565106	gamma
11	bladder	sarcoma	1.0	gamma
12	brain	bladder	1.0	gamma
13	brain	brain	1.0	gamma
14	brain	breast	1.0	gamma
15	brain	colon	0.7081872114108336	gamma
16	brain	hematological	0.10585793418485227	gamma
17	brain	liver	0.1915768643948179	gamma
18	brain	lung	1.0	gamma
19	brain	melanoma	0.05344551428134114	gamma
20	brain	ovary	1.0	gamma
21	brain	pancreas	0.36597807922262227	gamma
22	brain	prostate	0.32071412752085854	gamma
23	brain	sarcoma	0.6328735647374703	gamma
24	breast	bladder	1.0	gamma
25	breast	brain	1.0	gamma
26	breast	breast	1.0	gamma
27	breast	colon	1.0	gamma
28	breast	hematological	1.0	gamma
29	breast	liver	1.0	gamma
30	breast	lung	1.0	gamma
31	breast	melanoma	1.0	gamma
32	breast	ovary	1.0	gamma
33	breast	pancreas	1.0	gamma
34	breast	prostate	1.0	gamma
35	breast	sarcoma	1.0	gamma
36	colon	bladder	1.0	gamma
37	colon	brain	0.7081872114108336	gamma
38	colon	breast	1.0	gamma
39	colon	colon	1.0	gamma
40	colon	hematological	1.0	gamma
41	colon	liver	1.0	gamma
42	colon	lung	1.0	gamma
43	colon	melanoma	1.0	gamma
44	colon	ovary	1.0	gamma
45	colon	pancreas	1.0	gamma
46	colon	prostate	1.0	gamma
47	colon	sarcoma	1.0	gamma
48	hematological	bladder	0.33881228864090274	gamma
49	hematological	brain	0.10585793418485227	gamma
50	hematological	breast	1.0	gamma
51	hematological	colon	1.0	gamma
52	hematological	hematological	1.0	gamma
53	hematological	liver	1.0	gamma
54	hematological	lung	1.0	gamma
55	hematological	melanoma	1.0	gamma
56	hematological	ovary	1.0	gamma
57	hematological	pancreas	1.0	gamma
58	hematological	prostate	1.0	gamma
59	hematological	sarcoma	1.0	gamma
60	liver	bladder	0.5275058366776884	gamma
61	liver	brain	0.1915768643948179	gamma
62	liver	breast	1.0	gamma
63	liver	colon	1.0	gamma
64	liver	hematological	1.0	gamma
65	liver	liver	1.0	gamma
66	liver	lung	1.0	gamma
67	liver	melanoma	1.0	gamma
68	liver	ovary	1.0	gamma
69	liver	pancreas	1.0	gamma
70	liver	prostate	1.0	gamma
71	liver	sarcoma	1.0	gamma
72	lung	bladder	1.0	gamma
73	lung	brain	1.0	gamma
74	lung	breast	1.0	gamma
75	lung	colon	1.0	gamma
76	lung	hematological	1.0	gamma
77	lung	liver	1.0	gamma
78	lung	lung	1.0	gamma
79	lung	melanoma	1.0	gamma
80	lung	ovary	1.0	gamma
81	lung	pancreas	1.0	gamma
82	lung	prostate	1.0	gamma
83	lung	sarcoma	1.0	gamma
84	melanoma	bladder	0.16194608604096675	gamma
85	melanoma	brain	0.05344551428134114	gamma
86	melanoma	breast	1.0	gamma
87	melanoma	colon	1.0	gamma
88	melanoma	hematological	1.0	gamma
89	melanoma	liver	1.0	gamma
90	melanoma	lung	1.0	gamma
91	melanoma	melanoma	1.0	gamma
92	melanoma	ovary	0.7748360407928497	gamma
93	melanoma	pancreas	1.0	gamma
94	melanoma	prostate	1.0	gamma
95	melanoma	sarcoma	1.0	gamma
96	ovary	bladder	1.0	gamma
97	ovary	brain	1.0	gamma
98	ovary	breast	1.0	gamma
99	ovary	colon	1.0	gamma
100	ovary	hematological	1.0	gamma
101	ovary	liver	1.0	gamma
102	ovary	lung	1.0	gamma
103	ovary	melanoma	0.7748360407928497	gamma
104	ovary	ovary	1.0	gamma
105	ovary	pancreas	1.0	gamma
106	ovary	prostate	1.0	gamma
107	ovary	sarcoma	1.0	gamma
108	pancreas	bladder	1.0	gamma
109	pancreas	brain	0.36597807922262227	gamma
110	pancreas	breast	1.0	gamma
111	pancreas	colon	1.0	gamma
112	pancreas	hematological	1.0	gamma
113	pancreas	liver	1.0	gamma
114	pancreas	lung	1.0	gamma
115	pancreas	melanoma	1.0	gamma
116	pancreas	ovary	1.0	gamma
117	pancreas	pancreas	1.0	gamma
118	pancreas	prostate	1.0	gamma
119	pancreas	sarcoma	1.0	gamma
120	prostate	bladder	0.8622789834565106	gamma
121	prostate	brain	0.32071412752085854	gamma
122	prostate	breast	1.0	gamma
123	prostate	colon	1.0	gamma
124	prostate	hematological	1.0	gamma
125	prostate	liver	1.0	gamma
126	prostate	lung	1.0	gamma
127	prostate	melanoma	1.0	gamma
128	prostate	ovary	1.0	gamma
129	prostate	pancreas	1.0	gamma
130	prostate	prostate	1.0	gamma
131	prostate	sarcoma	1.0	gamma
132	sarcoma	bladder	1.0	gamma
133	sarcoma	brain	0.6328735647374703	gamma
134	sarcoma	breast	1.0	gamma
135	sarcoma	colon	1.0	gamma
136	sarcoma	hematological	1.0	gamma
137	sarcoma	liver	1.0	gamma
138	sarcoma	lung	1.0	gamma
139	sarcoma	melanoma	1.0	gamma
140	sarcoma	ovary	1.0	gamma
141	sarcoma	pancreas	1.0	gamma
142	sarcoma	prostate	1.0	gamma
143	sarcoma	sarcoma	1.0	gamma
0	brain	brain	1.0	nutlin
1	brain	breast	1.0	nutlin
2	brain	colon	1.0	nutlin
3	brain	hematological	1.0	nutlin
4	brain	liver	1.0	nutlin
5	brain	lung	1.0	nutlin
6	brain	melanoma	0.6356272481400137	nutlin
7	brain	ovary	1.0	nutlin
8	brain	pancreas	1.0	nutlin
9	brain	prostate	0.29493957442836755	nutlin
10	brain	sarcoma	1.0	nutlin
11	breast	brain	1.0	nutlin
12	breast	breast	1.0	nutlin
13	breast	colon	1.0	nutlin
14	breast	hematological	1.0	nutlin
15	breast	liver	0.31160839235673765	nutlin
16	breast	lung	0.56891506211726	nutlin
17	breast	melanoma	1.0	nutlin
18	breast	ovary	1.0	nutlin
19	breast	pancreas	1.0	nutlin
20	breast	prostate	1.0	nutlin
21	breast	sarcoma	1.0	nutlin
22	colon	brain	1.0	nutlin
23	colon	breast	1.0	nutlin
24	colon	colon	1.0	nutlin
25	colon	hematological	1.0	nutlin
26	colon	liver	1.0	nutlin
27	colon	lung	1.0	nutlin
28	colon	melanoma	1.0	nutlin
29	colon	ovary	1.0	nutlin
30	colon	pancreas	1.0	nutlin
31	colon	prostate	1.0	nutlin
32	colon	sarcoma	1.0	nutlin
33	hematological	brain	1.0	nutlin
34	hematological	breast	1.0	nutlin
35	hematological	colon	1.0	nutlin
36	hematological	hematological	1.0	nutlin
37	hematological	liver	1.0	nutlin
38	hematological	lung	1.0	nutlin
39	hematological	melanoma	1.0	nutlin
40	hematological	ovary	1.0	nutlin
41	hematological	pancreas	1.0	nutlin
42	hematological	prostate	0.6023078097057722	nutlin
43	hematological	sarcoma	1.0	nutlin
44	liver	brain	1.0	nutlin
45	liver	breast	0.31160839235673765	nutlin
46	liver	colon	1.0	nutlin
47	liver	hematological	1.0	nutlin
48	liver	liver	1.0	nutlin
49	liver	lung	1.0	nutlin
50	liver	melanoma	0.15922630010042496	nutlin
51	liver	ovary	1.0	nutlin
52	liver	pancreas	0.5432577681490054	nutlin
53	liver	prostate	0.06627712468498602	nutlin
54	liver	sarcoma	1.0	nutlin
55	lung	brain	1.0	nutlin
56	lung	breast	0.56891506211726	nutlin
57	lung	colon	1.0	nutlin
58	lung	hematological	1.0	nutlin
59	lung	liver	1.0	nutlin
60	lung	lung	1.0	nutlin
61	lung	melanoma	0.31160839235673765	nutlin
62	lung	ovary	1.0	nutlin
63	lung	pancreas	0.954257232612044	nutlin
64	lung	prostate	0.11947205776725954	nutlin
65	lung	sarcoma	1.0	nutlin
66	melanoma	brain	0.6356272481400137	nutlin
67	melanoma	breast	1.0	nutlin
68	melanoma	colon	1.0	nutlin
69	melanoma	hematological	1.0	nutlin
70	melanoma	liver	0.15922630010042496	nutlin
71	melanoma	lung	0.31160839235673765	nutlin
72	melanoma	melanoma	1.0	nutlin
73	melanoma	ovary	1.0	nutlin
74	melanoma	pancreas	1.0	nutlin
75	melanoma	prostate	1.0	nutlin
76	melanoma	sarcoma	1.0	nutlin
77	ovary	brain	1.0	nutlin
78	ovary	breast	1.0	nutlin
79	ovary	colon	1.0	nutlin
80	ovary	hematological	1.0	nutlin
81	ovary	liver	1.0	nutlin
82	ovary	lung	1.0	nutlin
83	ovary	melanoma	1.0	nutlin
84	ovary	ovary	1.0	nutlin
85	ovary	pancreas	1.0	nutlin
86	ovary	prostate	0.5793999211856453	nutlin
87	ovary	sarcoma	1.0	nutlin
88	pancreas	brain	1.0	nutlin
89	pancreas	breast	1.0	nutlin
90	pancreas	colon	1.0	nutlin
91	pancreas	hematological	1.0	nutlin
92	pancreas	liver	0.5432577681490054	nutlin
93	pancreas	lung	0.954257232612044	nutlin
94	pancreas	melanoma	1.0	nutlin
95	pancreas	ovary	1.0	nutlin
96	pancreas	pancreas	1.0	nutlin
97	pancreas	prostate	1.0	nutlin
98	pancreas	sarcoma	1.0	nutlin
99	prostate	brain	0.29493957442836755	nutlin
100	prostate	breast	1.0	nutlin
101	prostate	colon	1.0	nutlin
102	prostate	hematological	0.6023078097057722	nutlin
103	prostate	liver	0.06627712468498602	nutlin
104	prostate	lung	0.11947205776725954	nutlin
105	prostate	melanoma	1.0	nutlin
106	prostate	ovary	0.5793999211856453	nutlin
107	prostate	pancreas	1.0	nutlin
108	prostate	prostate	1.0	nutlin
109	prostate	sarcoma	1.0	nutlin
110	sarcoma	brain	1.0	nutlin
111	sarcoma	breast	1.0	nutlin
112	sarcoma	colon	1.0	nutlin
113	sarcoma	hematological	1.0	nutlin
114	sarcoma	liver	1.0	nutlin
115	sarcoma	lung	1.0	nutlin
116	sarcoma	melanoma	1.0	nutlin
117	sarcoma	ovary	1.0	nutlin
118	sarcoma	pancreas	1.0	nutlin
119	sarcoma	prostate	1.0	nutlin
120	sarcoma	sarcoma	1.0	nutlin
0	bladder	bladder	1.0	oxaliplatin
1	bladder	brain	1.0	oxaliplatin
2	bladder	breast	1.0	oxaliplatin
3	bladder	colon	1.0	oxaliplatin
4	bladder	hematological	1.0	oxaliplatin
5	bladder	liver	1.0	oxaliplatin
6	bladder	lung	1.0	oxaliplatin
7	bladder	melanoma	1.0	oxaliplatin
8	bladder	ovary	1.0	oxaliplatin
9	bladder	pancreas	1.0	oxaliplatin
10	bladder	prostate	1.0	oxaliplatin
11	bladder	sarcoma	1.0	oxaliplatin
12	brain	bladder	1.0	oxaliplatin
13	brain	brain	1.0	oxaliplatin
14	brain	breast	1.0	oxaliplatin
15	brain	colon	1.0	oxaliplatin
16	brain	hematological	1.0	oxaliplatin
17	brain	liver	1.0	oxaliplatin
18	brain	lung	1.0	oxaliplatin
19	brain	melanoma	1.0	oxaliplatin
20	brain	ovary	1.0	oxaliplatin
21	brain	pancreas	1.0	oxaliplatin
22	brain	prostate	1.0	oxaliplatin
23	brain	sarcoma	1.0	oxaliplatin
24	breast	bladder	1.0	oxaliplatin
25	breast	brain	1.0	oxaliplatin
26	breast	breast	1.0	oxaliplatin
27	breast	colon	1.0	oxaliplatin
28	breast	hematological	1.0	oxaliplatin
29	breast	liver	1.0	oxaliplatin
30	breast	lung	1.0	oxaliplatin
31	breast	melanoma	1.0	oxaliplatin
32	breast	ovary	1.0	oxaliplatin
33	breast	pancreas	1.0	oxaliplatin
34	breast	prostate	0.8696231277774107	oxaliplatin
35	breast	sarcoma	0.10795504773150355	oxaliplatin
36	colon	bladder	1.0	oxaliplatin
37	colon	brain	1.0	oxaliplatin
38	colon	breast	1.0	oxaliplatin
39	colon	colon	1.0	oxaliplatin
40	colon	hematological	1.0	oxaliplatin
41	colon	liver	1.0	oxaliplatin
42	colon	lung	1.0	oxaliplatin
43	colon	melanoma	1.0	oxaliplatin
44	colon	ovary	1.0	oxaliplatin
45	colon	pancreas	1.0	oxaliplatin
46	colon	prostate	1.0	oxaliplatin
47	colon	sarcoma	0.23173961142850738	oxaliplatin
48	hematological	bladder	1.0	oxaliplatin
49	hematological	brain	1.0	oxaliplatin
50	hematological	breast	1.0	oxaliplatin
51	hematological	colon	1.0	oxaliplatin
52	hematological	hematological	1.0	oxaliplatin
53	hematological	liver	1.0	oxaliplatin
54	hematological	lung	1.0	oxaliplatin
55	hematological	melanoma	1.0	oxaliplatin
56	hematological	ovary	1.0	oxaliplatin
57	hematological	pancreas	1.0	oxaliplatin
58	hematological	prostate	0.03501820709763215	oxaliplatin
59	hematological	sarcoma	2.1838489617524177e-05	oxaliplatin
60	liver	bladder	1.0	oxaliplatin
61	liver	brain	1.0	oxaliplatin
62	liver	breast	1.0	oxaliplatin
63	liver	colon	1.0	oxaliplatin
64	liver	hematological	1.0	oxaliplatin
65	liver	liver	1.0	oxaliplatin
66	liver	lung	1.0	oxaliplatin
67	liver	melanoma	1.0	oxaliplatin
68	liver	ovary	1.0	oxaliplatin
69	liver	pancreas	1.0	oxaliplatin
70	liver	prostate	0.07962774200942153	oxaliplatin
71	liver	sarcoma	0.012541566449824914	oxaliplatin
72	lung	bladder	1.0	oxaliplatin
73	lung	brain	1.0	oxaliplatin
74	lung	breast	1.0	oxaliplatin
75	lung	colon	1.0	oxaliplatin
76	lung	hematological	1.0	oxaliplatin
77	lung	liver	1.0	oxaliplatin
78	lung	lung	1.0	oxaliplatin
79	lung	melanoma	1.0	oxaliplatin
80	lung	ovary	1.0	oxaliplatin
81	lung	pancreas	1.0	oxaliplatin
82	lung	prostate	1.0	oxaliplatin
83	lung	sarcoma	0.2787542939627419	oxaliplatin
84	melanoma	bladder	1.0	oxaliplatin
85	melanoma	brain	1.0	oxaliplatin
86	melanoma	breast	1.0	oxaliplatin
87	melanoma	colon	1.0	oxaliplatin
88	melanoma	hematological	1.0	oxaliplatin
89	melanoma	liver	1.0	oxaliplatin
90	melanoma	lung	1.0	oxaliplatin
91	melanoma	melanoma	1.0	oxaliplatin
92	melanoma	ovary	1.0	oxaliplatin
93	melanoma	pancreas	1.0	oxaliplatin
94	melanoma	prostate	1.0	oxaliplatin
95	melanoma	sarcoma	1.0	oxaliplatin
96	ovary	bladder	1.0	oxaliplatin
97	ovary	brain	1.0	oxaliplatin
98	ovary	breast	1.0	oxaliplatin
99	ovary	colon	1.0	oxaliplatin
100	ovary	hematological	1.0	oxaliplatin
101	ovary	liver	1.0	oxaliplatin
102	ovary	lung	1.0	oxaliplatin
103	ovary	melanoma	1.0	oxaliplatin
104	ovary	ovary	1.0	oxaliplatin
105	ovary	pancreas	1.0	oxaliplatin
106	ovary	prostate	0.637397403232116	oxaliplatin
107	ovary	sarcoma	0.1136261806182935	oxaliplatin
108	pancreas	bladder	1.0	oxaliplatin
109	pancreas	brain	1.0	oxaliplatin
110	pancreas	breast	1.0	oxaliplatin
111	pancreas	colon	1.0	oxaliplatin
112	pancreas	hematological	1.0	oxaliplatin
113	pancreas	liver	1.0	oxaliplatin
114	pancreas	lung	1.0	oxaliplatin
115	pancreas	melanoma	1.0	oxaliplatin
116	pancreas	ovary	1.0	oxaliplatin
117	pancreas	pancreas	1.0	oxaliplatin
118	pancreas	prostate	1.0	oxaliplatin
119	pancreas	sarcoma	0.38523488137425227	oxaliplatin
120	prostate	bladder	1.0	oxaliplatin
121	prostate	brain	1.0	oxaliplatin
122	prostate	breast	0.8696231277774107	oxaliplatin
123	prostate	colon	1.0	oxaliplatin
124	prostate	hematological	0.03501820709763215	oxaliplatin
125	prostate	liver	0.07962774200942153	oxaliplatin
126	prostate	lung	1.0	oxaliplatin
127	prostate	melanoma	1.0	oxaliplatin
128	prostate	ovary	0.637397403232116	oxaliplatin
129	prostate	pancreas	1.0	oxaliplatin
130	prostate	prostate	1.0	oxaliplatin
131	prostate	sarcoma	1.0	oxaliplatin
132	sarcoma	bladder	1.0	oxaliplatin
133	sarcoma	brain	1.0	oxaliplatin
134	sarcoma	breast	0.10795504773150355	oxaliplatin
135	sarcoma	colon	0.23173961142850738	oxaliplatin
136	sarcoma	hematological	2.1838489617524177e-05	oxaliplatin
137	sarcoma	liver	0.012541566449824914	oxaliplatin
138	sarcoma	lung	0.2787542939627419	oxaliplatin
139	sarcoma	melanoma	1.0	oxaliplatin
140	sarcoma	ovary	0.1136261806182935	oxaliplatin
141	sarcoma	pancreas	0.38523488137425227	oxaliplatin
142	sarcoma	prostate	1.0	oxaliplatin
143	sarcoma	sarcoma	1.0	oxaliplatin
0	bladder	bladder	1.0	peposertib
1	bladder	brain	1.0	peposertib
2	bladder	breast	0.14173247153399063	peposertib
3	bladder	colon	1.0	peposertib
4	bladder	hematological	0.00018010069892969807	peposertib
5	bladder	liver	1.0	peposertib
6	bladder	lung	0.2781858464926671	peposertib
7	bladder	melanoma	1.0	peposertib
8	bladder	ovary	0.0004498098926885027	peposertib
9	bladder	pancreas	1.0	peposertib
10	bladder	prostate	0.3266994830064933	peposertib
11	bladder	sarcoma	1.0	peposertib
12	brain	bladder	1.0	peposertib
13	brain	brain	1.0	peposertib
14	brain	breast	1.0	peposertib
15	brain	colon	1.0	peposertib
16	brain	hematological	1.0	peposertib
17	brain	liver	1.0	peposertib
18	brain	lung	1.0	peposertib
19	brain	melanoma	1.0	peposertib
20	brain	ovary	1.0	peposertib
21	brain	pancreas	1.0	peposertib
22	brain	prostate	1.0	peposertib
23	brain	sarcoma	1.0	peposertib
24	breast	bladder	0.14173247153399063	peposertib
25	breast	brain	1.0	peposertib
26	breast	breast	1.0	peposertib
27	breast	colon	1.0	peposertib
28	breast	hematological	1.0	peposertib
29	breast	liver	1.0	peposertib
30	breast	lung	1.0	peposertib
31	breast	melanoma	1.0	peposertib
32	breast	ovary	1.0	peposertib
33	breast	pancreas	1.0	peposertib
34	breast	prostate	1.0	peposertib
35	breast	sarcoma	1.0	peposertib
36	colon	bladder	1.0	peposertib
37	colon	brain	1.0	peposertib
38	colon	breast	1.0	peposertib
39	colon	colon	1.0	peposertib
40	colon	hematological	0.032660001941253486	peposertib
41	colon	liver	1.0	peposertib
42	colon	lung	1.0	peposertib
43	colon	melanoma	1.0	peposertib
44	colon	ovary	0.06736222640582368	peposertib
45	colon	pancreas	1.0	peposertib
46	colon	prostate	1.0	peposertib
47	colon	sarcoma	1.0	peposertib
48	hematological	bladder	0.00018010069892969807	peposertib
49	hematological	brain	1.0	peposertib
50	hematological	breast	1.0	peposertib
51	hematological	colon	0.032660001941253486	peposertib
52	hematological	hematological	1.0	peposertib
53	hematological	liver	0.260883663748507	peposertib
54	hematological	lung	1.0	peposertib
55	hematological	melanoma	0.39773304078533966	peposertib
56	hematological	ovary	1.0	peposertib
57	hematological	pancreas	0.793874576346401	peposertib
58	hematological	prostate	1.0	peposertib
59	hematological	sarcoma	0.014536014711995338	peposertib
60	liver	bladder	1.0	peposertib
61	liver	brain	1.0	peposertib
62	liver	breast	1.0	peposertib
63	liver	colon	1.0	peposertib
64	liver	hematological	0.260883663748507	peposertib
65	liver	liver	1.0	peposertib
66	liver	lung	1.0	peposertib
67	liver	melanoma	1.0	peposertib
68	liver	ovary	0.2393262917665558	peposertib
69	liver	pancreas	1.0	peposertib
70	liver	prostate	1.0	peposertib
71	liver	sarcoma	1.0	peposertib
72	lung	bladder	0.2781858464926671	peposertib
73	lung	brain	1.0	peposertib
74	lung	breast	1.0	peposertib
75	lung	colon	1.0	peposertib
76	lung	hematological	1.0	peposertib
77	lung	liver	1.0	peposertib
78	lung	lung	1.0	peposertib
79	lung	melanoma	1.0	peposertib
80	lung	ovary	1.0	peposertib
81	lung	pancreas	1.0	peposertib
82	lung	prostate	1.0	peposertib
83	lung	sarcoma	1.0	peposertib
84	melanoma	bladder	1.0	peposertib
85	melanoma	brain	1.0	peposertib
86	melanoma	breast	1.0	peposertib
87	melanoma	colon	1.0	peposertib
88	melanoma	hematological	0.39773304078533966	peposertib
89	melanoma	liver	1.0	peposertib
90	melanoma	lung	1.0	peposertib
91	melanoma	melanoma	1.0	peposertib
92	melanoma	ovary	0.38260240861842276	peposertib
93	melanoma	pancreas	1.0	peposertib
94	melanoma	prostate	1.0	peposertib
95	melanoma	sarcoma	1.0	peposertib
96	ovary	bladder	0.0004498098926885027	peposertib
97	ovary	brain	1.0	peposertib
98	ovary	breast	1.0	peposertib
99	ovary	colon	0.06736222640582368	peposertib
100	ovary	hematological	1.0	peposertib
101	ovary	liver	0.2393262917665558	peposertib
102	ovary	lung	1.0	peposertib
103	ovary	melanoma	0.38260240861842276	peposertib
104	ovary	ovary	1.0	peposertib
105	ovary	pancreas	0.8027349070313881	peposertib
106	ovary	prostate	1.0	peposertib
107	ovary	sarcoma	0.0403997548027916	peposertib
108	pancreas	bladder	1.0	peposertib
109	pancreas	brain	1.0	peposertib
110	pancreas	breast	1.0	peposertib
111	pancreas	colon	1.0	peposertib
112	pancreas	hematological	0.793874576346401	peposertib
113	pancreas	liver	1.0	peposertib
114	pancreas	lung	1.0	peposertib
115	pancreas	melanoma	1.0	peposertib
116	pancreas	ovary	0.8027349070313881	peposertib
117	pancreas	pancreas	1.0	peposertib
118	pancreas	prostate	1.0	peposertib
119	pancreas	sarcoma	1.0	peposertib
120	prostate	bladder	0.3266994830064933	peposertib
121	prostate	brain	1.0	peposertib
122	prostate	breast	1.0	peposertib
123	prostate	colon	1.0	peposertib
124	prostate	hematological	1.0	peposertib
125	prostate	liver	1.0	peposertib
126	prostate	lung	1.0	peposertib
127	prostate	melanoma	1.0	peposertib
128	prostate	ovary	1.0	peposertib
129	prostate	pancreas	1.0	peposertib
130	prostate	prostate	1.0	peposertib
131	prostate	sarcoma	1.0	peposertib
132	sarcoma	bladder	1.0	peposertib
133	sarcoma	brain	1.0	peposertib
134	sarcoma	breast	1.0	peposertib
135	sarcoma	colon	1.0	peposertib
136	sarcoma	hematological	0.014536014711995338	peposertib
137	sarcoma	liver	1.0	peposertib
138	sarcoma	lung	1.0	peposertib
139	sarcoma	melanoma	1.0	peposertib
140	sarcoma	ovary	0.0403997548027916	peposertib
141	sarcoma	pancreas	1.0	peposertib
142	sarcoma	prostate	1.0	peposertib
143	sarcoma	sarcoma	1.0	peposertib
0	bladder	bladder	1.0	prexasertib
1	bladder	brain	1.0	prexasertib
2	bladder	breast	1.0	prexasertib
3	bladder	colon	1.0	prexasertib
4	bladder	hematological	1.0	prexasertib
5	bladder	liver	1.0	prexasertib
6	bladder	lung	0.033753768349108565	prexasertib
7	bladder	melanoma	1.0	prexasertib
8	bladder	ovary	1.0	prexasertib
9	bladder	pancreas	1.0	prexasertib
10	bladder	prostate	1.0	prexasertib
11	bladder	sarcoma	1.0	prexasertib
12	brain	bladder	1.0	prexasertib
13	brain	brain	1.0	prexasertib
14	brain	breast	1.0	prexasertib
15	brain	colon	1.0	prexasertib
16	brain	hematological	1.0	prexasertib
17	brain	liver	1.0	prexasertib
18	brain	lung	1.0	prexasertib
19	brain	melanoma	1.0	prexasertib
20	brain	ovary	1.0	prexasertib
21	brain	pancreas	1.0	prexasertib
22	brain	prostate	1.0	prexasertib
23	brain	sarcoma	1.0	prexasertib
24	breast	bladder	1.0	prexasertib
25	breast	brain	1.0	prexasertib
26	breast	breast	1.0	prexasertib
27	breast	colon	1.0	prexasertib
28	breast	hematological	1.0	prexasertib
29	breast	liver	1.0	prexasertib
30	breast	lung	0.08094185659057843	prexasertib
31	breast	melanoma	1.0	prexasertib
32	breast	ovary	1.0	prexasertib
33	breast	pancreas	1.0	prexasertib
34	breast	prostate	1.0	prexasertib
35	breast	sarcoma	1.0	prexasertib
36	colon	bladder	1.0	prexasertib
37	colon	brain	1.0	prexasertib
38	colon	breast	1.0	prexasertib
39	colon	colon	1.0	prexasertib
40	colon	hematological	1.0	prexasertib
41	colon	liver	1.0	prexasertib
42	colon	lung	1.0	prexasertib
43	colon	melanoma	1.0	prexasertib
44	colon	ovary	1.0	prexasertib
45	colon	pancreas	1.0	prexasertib
46	colon	prostate	1.0	prexasertib
47	colon	sarcoma	1.0	prexasertib
48	hematological	bladder	1.0	prexasertib
49	hematological	brain	1.0	prexasertib
50	hematological	breast	1.0	prexasertib
51	hematological	colon	1.0	prexasertib
52	hematological	hematological	1.0	prexasertib
53	hematological	liver	1.0	prexasertib
54	hematological	lung	0.02983216367904251	prexasertib
55	hematological	melanoma	1.0	prexasertib
56	hematological	ovary	1.0	prexasertib
57	hematological	pancreas	1.0	prexasertib
58	hematological	prostate	1.0	prexasertib
59	hematological	sarcoma	1.0	prexasertib
60	liver	bladder	1.0	prexasertib
61	liver	brain	1.0	prexasertib
62	liver	breast	1.0	prexasertib
63	liver	colon	1.0	prexasertib
64	liver	hematological	1.0	prexasertib
65	liver	liver	1.0	prexasertib
66	liver	lung	1.0	prexasertib
67	liver	melanoma	1.0	prexasertib
68	liver	ovary	1.0	prexasertib
69	liver	pancreas	1.0	prexasertib
70	liver	prostate	1.0	prexasertib
71	liver	sarcoma	1.0	prexasertib
72	lung	bladder	0.033753768349108565	prexasertib
73	lung	brain	1.0	prexasertib
74	lung	breast	0.08094185659057843	prexasertib
75	lung	colon	1.0	prexasertib
76	lung	hematological	0.02983216367904251	prexasertib
77	lung	liver	1.0	prexasertib
78	lung	lung	1.0	prexasertib
79	lung	melanoma	1.0	prexasertib
80	lung	ovary	0.017691449633160054	prexasertib
81	lung	pancreas	0.20672167402937036	prexasertib
82	lung	prostate	1.0	prexasertib
83	lung	sarcoma	0.4991772659224335	prexasertib
84	melanoma	bladder	1.0	prexasertib
85	melanoma	brain	1.0	prexasertib
86	melanoma	breast	1.0	prexasertib
87	melanoma	colon	1.0	prexasertib
88	melanoma	hematological	1.0	prexasertib
89	melanoma	liver	1.0	prexasertib
90	melanoma	lung	1.0	prexasertib
91	melanoma	melanoma	1.0	prexasertib
92	melanoma	ovary	1.0	prexasertib
93	melanoma	pancreas	1.0	prexasertib
94	melanoma	prostate	1.0	prexasertib
95	melanoma	sarcoma	1.0	prexasertib
96	ovary	bladder	1.0	prexasertib
97	ovary	brain	1.0	prexasertib
98	ovary	breast	1.0	prexasertib
99	ovary	colon	1.0	prexasertib
100	ovary	hematological	1.0	prexasertib
101	ovary	liver	1.0	prexasertib
102	ovary	lung	0.017691449633160054	prexasertib
103	ovary	melanoma	1.0	prexasertib
104	ovary	ovary	1.0	prexasertib
105	ovary	pancreas	1.0	prexasertib
106	ovary	prostate	1.0	prexasertib
107	ovary	sarcoma	1.0	prexasertib
108	pancreas	bladder	1.0	prexasertib
109	pancreas	brain	1.0	prexasertib
110	pancreas	breast	1.0	prexasertib
111	pancreas	colon	1.0	prexasertib
112	pancreas	hematological	1.0	prexasertib
113	pancreas	liver	1.0	prexasertib
114	pancreas	lung	0.20672167402937036	prexasertib
115	pancreas	melanoma	1.0	prexasertib
116	pancreas	ovary	1.0	prexasertib
117	pancreas	pancreas	1.0	prexasertib
118	pancreas	prostate	1.0	prexasertib
119	pancreas	sarcoma	1.0	prexasertib
120	prostate	bladder	1.0	prexasertib
121	prostate	brain	1.0	prexasertib
122	prostate	breast	1.0	prexasertib
123	prostate	colon	1.0	prexasertib
124	prostate	hematological	1.0	prexasertib
125	prostate	liver	1.0	prexasertib
126	prostate	lung	1.0	prexasertib
127	prostate	melanoma	1.0	prexasertib
128	prostate	ovary	1.0	prexasertib
129	prostate	pancreas	1.0	prexasertib
130	prostate	prostate	1.0	prexasertib
131	prostate	sarcoma	1.0	prexasertib
132	sarcoma	bladder	1.0	prexasertib
133	sarcoma	brain	1.0	prexasertib
134	sarcoma	breast	1.0	prexasertib
135	sarcoma	colon	1.0	prexasertib
136	sarcoma	hematological	1.0	prexasertib
137	sarcoma	liver	1.0	prexasertib
138	sarcoma	lung	0.4991772659224335	prexasertib
139	sarcoma	melanoma	1.0	prexasertib
140	sarcoma	ovary	1.0	prexasertib
141	sarcoma	pancreas	1.0	prexasertib
142	sarcoma	prostate	1.0	prexasertib
143	sarcoma	sarcoma	1.0	prexasertib
0	brain	brain	1.0	ulixertinib
1	brain	breast	1.0	ulixertinib
2	brain	colon	1.0	ulixertinib
3	brain	hematological	1.0	ulixertinib
4	brain	liver	1.0	ulixertinib
5	brain	lung	1.0	ulixertinib
6	brain	melanoma	1.0	ulixertinib
7	brain	ovary	1.0	ulixertinib
8	brain	pancreas	1.0	ulixertinib
9	brain	prostate	1.0	ulixertinib
10	brain	sarcoma	1.0	ulixertinib
11	breast	brain	1.0	ulixertinib
12	breast	breast	1.0	ulixertinib
13	breast	colon	0.13002515201747386	ulixertinib
14	breast	hematological	1.0	ulixertinib
15	breast	liver	1.0	ulixertinib
16	breast	lung	1.0	ulixertinib
17	breast	melanoma	1.0	ulixertinib
18	breast	ovary	1.0	ulixertinib
19	breast	pancreas	1.0	ulixertinib
20	breast	prostate	1.0	ulixertinib
21	breast	sarcoma	1.0	ulixertinib
22	colon	brain	1.0	ulixertinib
23	colon	breast	0.13002515201747386	ulixertinib
24	colon	colon	1.0	ulixertinib
25	colon	hematological	0.19623519070455928	ulixertinib
26	colon	liver	1.0	ulixertinib
27	colon	lung	1.0	ulixertinib
28	colon	melanoma	0.0464324473122662	ulixertinib
29	colon	ovary	1.0	ulixertinib
30	colon	pancreas	1.0	ulixertinib
31	colon	prostate	1.0	ulixertinib
32	colon	sarcoma	0.018735233374817285	ulixertinib
33	hematological	brain	1.0	ulixertinib
34	hematological	breast	1.0	ulixertinib
35	hematological	colon	0.19623519070455928	ulixertinib
36	hematological	hematological	1.0	ulixertinib
37	hematological	liver	1.0	ulixertinib
38	hematological	lung	1.0	ulixertinib
39	hematological	melanoma	1.0	ulixertinib
40	hematological	ovary	1.0	ulixertinib
41	hematological	pancreas	1.0	ulixertinib
42	hematological	prostate	1.0	ulixertinib
43	hematological	sarcoma	1.0	ulixertinib
44	liver	brain	1.0	ulixertinib
45	liver	breast	1.0	ulixertinib
46	liver	colon	1.0	ulixertinib
47	liver	hematological	1.0	ulixertinib
48	liver	liver	1.0	ulixertinib
49	liver	lung	1.0	ulixertinib
50	liver	melanoma	1.0	ulixertinib
51	liver	ovary	1.0	ulixertinib
52	liver	pancreas	1.0	ulixertinib
53	liver	prostate	1.0	ulixertinib
54	liver	sarcoma	1.0	ulixertinib
55	lung	brain	1.0	ulixertinib
56	lung	breast	1.0	ulixertinib
57	lung	colon	1.0	ulixertinib
58	lung	hematological	1.0	ulixertinib
59	lung	liver	1.0	ulixertinib
60	lung	lung	1.0	ulixertinib
61	lung	melanoma	1.0	ulixertinib
62	lung	ovary	1.0	ulixertinib
63	lung	pancreas	1.0	ulixertinib
64	lung	prostate	1.0	ulixertinib
65	lung	sarcoma	1.0	ulixertinib
66	melanoma	brain	1.0	ulixertinib
67	melanoma	breast	1.0	ulixertinib
68	melanoma	colon	0.0464324473122662	ulixertinib
69	melanoma	hematological	1.0	ulixertinib
70	melanoma	liver	1.0	ulixertinib
71	melanoma	lung	1.0	ulixertinib
72	melanoma	melanoma	1.0	ulixertinib
73	melanoma	ovary	0.5792281263371453	ulixertinib
74	melanoma	pancreas	1.0	ulixertinib
75	melanoma	prostate	1.0	ulixertinib
76	melanoma	sarcoma	1.0	ulixertinib
77	ovary	brain	1.0	ulixertinib
78	ovary	breast	1.0	ulixertinib
79	ovary	colon	1.0	ulixertinib
80	ovary	hematological	1.0	ulixertinib
81	ovary	liver	1.0	ulixertinib
82	ovary	lung	1.0	ulixertinib
83	ovary	melanoma	0.5792281263371453	ulixertinib
84	ovary	ovary	1.0	ulixertinib
85	ovary	pancreas	1.0	ulixertinib
86	ovary	prostate	1.0	ulixertinib
87	ovary	sarcoma	1.0	ulixertinib
88	pancreas	brain	1.0	ulixertinib
89	pancreas	breast	1.0	ulixertinib
90	pancreas	colon	1.0	ulixertinib
91	pancreas	hematological	1.0	ulixertinib
92	pancreas	liver	1.0	ulixertinib
93	pancreas	lung	1.0	ulixertinib
94	pancreas	melanoma	1.0	ulixertinib
95	pancreas	ovary	1.0	ulixertinib
96	pancreas	pancreas	1.0	ulixertinib
97	pancreas	prostate	1.0	ulixertinib
98	pancreas	sarcoma	1.0	ulixertinib
99	prostate	brain	1.0	ulixertinib
100	prostate	breast	1.0	ulixertinib
101	prostate	colon	1.0	ulixertinib
102	prostate	hematological	1.0	ulixertinib
103	prostate	liver	1.0	ulixertinib
104	prostate	lung	1.0	ulixertinib
105	prostate	melanoma	1.0	ulixertinib
106	prostate	ovary	1.0	ulixertinib
107	prostate	pancreas	1.0	ulixertinib
108	prostate	prostate	1.0	ulixertinib
109	prostate	sarcoma	1.0	ulixertinib
110	sarcoma	brain	1.0	ulixertinib
111	sarcoma	breast	1.0	ulixertinib
112	sarcoma	colon	0.018735233374817285	ulixertinib
113	sarcoma	hematological	1.0	ulixertinib
114	sarcoma	liver	1.0	ulixertinib
115	sarcoma	lung	1.0	ulixertinib
116	sarcoma	melanoma	1.0	ulixertinib
117	sarcoma	ovary	1.0	ulixertinib
118	sarcoma	pancreas	1.0	ulixertinib
119	sarcoma	prostate	1.0	ulixertinib
120	sarcoma	sarcoma	1.0	ulixertinib
